--
-- Copyright (c) 2008 Red Hat, Inc.
--
-- This software is licensed to you under the GNU General Public License,
-- version 2 (GPLv2). There is NO WARRANTY for this software, express or
-- implied, including the implied warranties of MERCHANTABILITY or FITNESS
-- FOR A PARTICULAR PURPOSE. You should have received a copy of GPLv2
-- along with this software; if not, see
-- http://www.gnu.org/licenses/old-licenses/gpl-2.0.txt.
-- 
-- Red Hat trademarks are not licensed under GPLv2. No permission is
-- granted to use or replicate Red Hat trademarks that are incorporated
-- in this software or its documentation. 
--

insert into valid_countries(code,short_name,name) values ('AD','Andorra','Principality of Andorra');
insert into valid_countries(code,short_name,name) values ('AE','United Arab Emirates','United Arab Emirates');
insert into valid_countries(code,short_name,name) values ('AF','Afghanistan','Islamic State of Afghanistan');
insert into valid_countries(code,short_name,name) values ('AG','Antigua and Barbuda','Antigua and Barbuda (includes Redonda)');
insert into valid_countries(code,short_name,name) values ('AI','Anguilla','Anguilla');
insert into valid_countries(code,short_name,name) values ('AL','Albania','Republic of Albania');
insert into valid_countries(code,short_name,name) values ('AM','Armenia','Republic of Armenia');
insert into valid_countries(code,short_name,name) values ('AN','Netherlands Antilles','Netherlands Antilles (includes Bonaire, Curacao, Saba, St. Eustatius, and Southern St. Martin)');
insert into valid_countries(code,short_name,name) values ('AO','Angola','Republic of Angola');
insert into valid_countries(code,short_name,name) values ('AQ','Antarctica','Territory south of 60 degrees south latitude');
insert into valid_countries(code,short_name,name) values ('AR','Argentina','Argentine Republic');
insert into valid_countries(code,short_name,name) values ('AS','American Samoa','American Samoa');
insert into valid_countries(code,short_name,name) values ('AT','Austria','Republic of Austria');
insert into valid_countries(code,short_name,name) values ('AU','Australia','Australia (includes Lord Howe Island, Macquarie Islands, Ashmore Islands and Cartier Island, and Coral Sea Islands are Australian external territories)');
insert into valid_countries(code,short_name,name) values ('AW','Aruba','Aruba');
insert into valid_countries(code,short_name,name) values ('AZ','Azerbaijan','Azerbaijani Republic');
insert into valid_countries(code,short_name,name) values ('BA','Bosnia and Herzegovina','Republic of Bosnia and Herzegovina');
insert into valid_countries(code,short_name,name) values ('BB','Barbados','Barbados');
insert into valid_countries(code,short_name,name) values ('BD','Bangladesh','Bangladesh');
insert into valid_countries(code,short_name,name) values ('BE','Belgium','Kingdom of Belgium');
insert into valid_countries(code,short_name,name) values ('BF','Burkina Faso','Burma see Myanmar');
insert into valid_countries(code,short_name,name) values ('BG','Bulgaria','Republic of Bulgaria');
insert into valid_countries(code,short_name,name) values ('BH','Bahrain','State of Bahrain');
insert into valid_countries(code,short_name,name) values ('BI','Burundi','Republic of Burundi');
insert into valid_countries(code,short_name,name) values ('BJ','Benin','Republic of Benin');
insert into valid_countries(code,short_name,name) values ('BM','Bermuda','Bermuda');
insert into valid_countries(code,short_name,name) values ('BN','Brunei Darussalam','Brunei Darussalam');
insert into valid_countries(code,short_name,name) values ('BO','Bolivia','Republic of Bolivia');
insert into valid_countries(code,short_name,name) values ('BR','Brazil','Federative Republic of Brazil (includes Rocas, Fernando de Noronha Archipelago, Trindade, Ilhas Martim Vaz, and Sao Pedro e Sao Paulo)');
insert into valid_countries(code,short_name,name) values ('BS','Bahamas','Commonwealth of the Bahamas (Turks and Caicos Islands not included)');
insert into valid_countries(code,short_name,name) values ('BT','Bhutan','Kingdom of Bhutan');
insert into valid_countries(code,short_name,name) values ('BV','Bouvet Island','Bouvet Island (also called Bouvetoya)');
insert into valid_countries(code,short_name,name) values ('BW','Botswana','Republic of Botswana');
insert into valid_countries(code,short_name,name) values ('BY','Belarus','Republic of Belarus');
insert into valid_countries(code,short_name,name) values ('BZ','Belize','Belize');
insert into valid_countries(code,short_name,name) values ('CA','Canada','Canada');
insert into valid_countries(code,short_name,name) values ('CC','Cocos (Keeling) Islands','Cocos (Keeling) Islands');
insert into valid_countries(code,short_name,name) values ('CF','Central African Republic','Central African Republic');
insert into valid_countries(code,short_name,name) values ('CG','Congo','Republic of the Congo');
insert into valid_countries(code,short_name,name) values ('CH','Switzerland','Swiss Confederation');
insert into valid_countries(code,short_name,name) values ('CI','Cote d''Ivoire','Republic of Cote d''Ivoire');
insert into valid_countries(code,short_name,name) values ('CK','Cook Islands','Cook Islands');
insert into valid_countries(code,short_name,name) values ('CL','Chile','Republic of Chile (includes Easter Island, Juan Fernandez Islands, San Felix and Sala y Gomez)');
insert into valid_countries(code,short_name,name) values ('CM','Cameroon','Republic of Cameroon');
insert into valid_countries(code,short_name,name) values ('CN','China','People''s Republic of China');
insert into valid_countries(code,short_name,name) values ('CO','Colombia','Republic of Colombia (includes San Andres y Providencia, Malpelo Island, Roncador Bank, Serrana Bank and Serranilla Bank)');
insert into valid_countries(code,short_name,name) values ('CR','Costa Rica','Republic of Costa Rica (includes Cocos Island)');
insert into valid_countries(code,short_name,name) values ('CU','Cuba','Republic of Cuba');
insert into valid_countries(code,short_name,name) values ('CV','Cape Verde','Republic of Cape Verde (includes Boa Vista, Brava, Fogo, Maio, Sal,  Santo Antao, Sao Nicolau, Sao Tiago and Sao Vicente)');
insert into valid_countries(code,short_name,name) values ('CX','Christmas Island','Australian Christmas Island');
insert into valid_countries(code,short_name,name) values ('CY','Cyprus','Republic of Cyprus');
insert into valid_countries(code,short_name,name) values ('CZ','Czech Republic','Czech Republic');
insert into valid_countries(code,short_name,name) values ('DE','Germany','Federal Republic of Germany');
insert into valid_countries(code,short_name,name) values ('DJ','Djibouti','Republic of Djibouti');
insert into valid_countries(code,short_name,name) values ('DK','Denmark','Kingdom of Denmark');
insert into valid_countries(code,short_name,name) values ('DM','Dominica','Commonwealth of Dominica');
insert into valid_countries(code,short_name,name) values ('DO','Dominican Republic','Dominican Republic');
insert into valid_countries(code,short_name,name) values ('DZ','Algeria','People''s Democratic Republic of Algeria');
insert into valid_countries(code,short_name,name) values ('EC','Ecuador','Republic of Ecuador (includes Galapagos Islands (Archipelago de Colon))');
insert into valid_countries(code,short_name,name) values ('EE','Estonia','Republic of Estonia');
insert into valid_countries(code,short_name,name) values ('EG','Egypt','Arab Republic of Egypt');
insert into valid_countries(code,short_name,name) values ('EH','Western Sahara','Western Sahara');
insert into valid_countries(code,short_name,name) values ('ER','Eritrea','Eritrea');
insert into valid_countries(code,short_name,name) values ('ES','Spain','Kingdom of Spain');
insert into valid_countries(code,short_name,name) values ('ET','Ethiopia','Ethiopia');
insert into valid_countries(code,short_name,name) values ('FI','Finland','Republic of Finland');
insert into valid_countries(code,short_name,name) values ('FJ','Fiji','Fiji');
insert into valid_countries(code,short_name,name) values ('FK','Falkland Islands (Malvinas)','Falkland Islands (Malvinas) (includes West Falkland, and East Falkland)');
insert into valid_countries(code,short_name,name) values ('FM','Micronesia (Federated States of)','Caroline Islands except Palau (includes Yap, Chuuk, Pohnpei, Kosrae)');
insert into valid_countries(code,short_name,name) values ('FO','Faroe Islands','Faroe Islands');
insert into valid_countries(code,short_name,name) values ('FR','France','French Republic');
insert into valid_countries(code,short_name,name) values ('FX','France, Metropolitan','France, Metropolitan');
insert into valid_countries(code,short_name,name) values ('GA','Gabon','Gabonese Republic');
insert into valid_countries(code,short_name,name) values ('GB','United Kingdom','United Kingdom of Great Britain and Northern Ireland (includes Orkney Islands and Shetland Island)');
insert into valid_countries(code,short_name,name) values ('GD','Grenada','Grenada (includes Southern Grenadine Islands)');
insert into valid_countries(code,short_name,name) values ('GE','Georgia','Republic of Georgia');
insert into valid_countries(code,short_name,name) values ('GF','French Guiana','Department of Guiana');
insert into valid_countries(code,short_name,name) values ('GH','Ghana','Republic of Ghana');
insert into valid_countries(code,short_name,name) values ('GI','Gibraltar','Gibraltar');
insert into valid_countries(code,short_name,name) values ('GL','Greenland','Greenland');
insert into valid_countries(code,short_name,name) values ('GM','Gambia','Republic of the Gambia');
insert into valid_countries(code,short_name,name) values ('GN','Guinea','Republic of Guinea');
insert into valid_countries(code,short_name,name) values ('GP','Guadeloupe','Department of Guadeloupe (includes Grande Terre, Basse Terre, Marie Galante, Les Saintes, Iles de la Petite Terre, Desirade, Saint-Barthelemy, and Northern St. Martin)');
insert into valid_countries(code,short_name,name) values ('GQ','Equatorial Guinea','Republic of Equatorial Guinea (includes Rio Muni, Bioko, Annobon, Corisco, Elobey Chico, and Elobey Grande)');
insert into valid_countries(code,short_name,name) values ('GR','Greece','Hellenic Republic (includes Aegean Islands, Ionian Islands, Dodecanese Islands, Crete, and Mount Athos autonomous area)');
insert into valid_countries(code,short_name,name) values ('GS','South Georgia and the South Sandwich Island','South Georgia and the South Sandwich Island');
insert into valid_countries(code,short_name,name) values ('GT','Guatemala','Republic of Guatemala');
insert into valid_countries(code,short_name,name) values ('GU','Guam','Guam');
insert into valid_countries(code,short_name,name) values ('GW','Guinea-Bissau','Republic of Guinea-Bissau');
insert into valid_countries(code,short_name,name) values ('GY','Guyana','Republic of Guyana');
insert into valid_countries(code,short_name,name) values ('HK','Hong Kong','Hong Kong (also called Hisiangkang, or Xianggang)');
insert into valid_countries(code,short_name,name) values ('HM','Heard Island and McDonald Islands','Heard Island and McDonald Islands');
insert into valid_countries(code,short_name,name) values ('HN','Honduras','Republic of Honduras (includes Swan Islands)');
insert into valid_countries(code,short_name,name) values ('HR','Croatia','Republic of Croatia');
insert into valid_countries(code,short_name,name) values ('HT','Haiti','Republic of Haiti');
insert into valid_countries(code,short_name,name) values ('HU','Hungary','Republic of Hungary');
insert into valid_countries(code,short_name,name) values ('ID','Indonesia','Republic of Indonesia');
insert into valid_countries(code,short_name,name) values ('IE','Ireland','Ireland');
insert into valid_countries(code,short_name,name) values ('IL','Israel','State of Israel');
insert into valid_countries(code,short_name,name) values ('IN','India','Republic of India (includes Amindivis, Laccadives, Minicoy, Andaman Islands, Nicobar Islands, and Sikkim)');
insert into valid_countries(code,short_name,name) values ('IO','British Indian Ocean Territory','Chagos Archipelago');
insert into valid_countries(code,short_name,name) values ('IQ','Iraq','Republic of Iraq');
insert into valid_countries(code,short_name,name) values ('IR','Iran (Islamic Republic of)','Islamic Republic of Iran');
insert into valid_countries(code,short_name,name) values ('IS','Iceland','Republic of Iceland');
insert into valid_countries(code,short_name,name) values ('IT','Italy','Italian Republic');
insert into valid_countries(code,short_name,name) values ('JM','Jamaica','Jamaica (includes Morant Cays, and Pedro Cays)');
insert into valid_countries(code,short_name,name) values ('JO','Jordan','Hashemite Kingdom of Jordan');
insert into valid_countries(code,short_name,name) values ('JP','Japan','Japan');
insert into valid_countries(code,short_name,name) values ('KE','Kenya','Republic of Kenya');
insert into valid_countries(code,short_name,name) values ('KG','Kyrgyzstan','Kyrgyz Republic');
insert into valid_countries(code,short_name,name) values ('KH','Cambodia','Kingdom of Cambodia');
insert into valid_countries(code,short_name,name) values ('KI','Kiribati','Kiribati (includes Fanning Island, Washington Island, and Christmas Island (all in the Line Islands), Ocean Island, Phoenix Islands (Birnie, Gardner, Hull, McKean, Phoenix, Sydney, Canton and Enderbury))');
insert into valid_countries(code,short_name,name) values ('KM','Comoros','Islamic Federal Republic of the Comoros (includes Anjouan, Grande Comore, Moheli, and other islands)');
insert into valid_countries(code,short_name,name) values ('KN','Saint Kitts and Nevis','Saint Kitts and Nevis');
insert into valid_countries(code,short_name,name) values ('KP','Korea, Democratic People''s Republic of','Korea, Democratic People''s Republic of');
insert into valid_countries(code,short_name,name) values ('KR','Korea, Republic of','Korea, Republic of');
insert into valid_countries(code,short_name,name) values ('KW','Kuwait','State of Kuwait');
insert into valid_countries(code,short_name,name) values ('KY','Cayman Islands','Cayman Islands (includes Grand Cayman, Cayman Brac and Little Cayman)');
insert into valid_countries(code,short_name,name) values ('KZ','Kazakhstan','Republic of Kazakhstan');
insert into valid_countries(code,short_name,name) values ('LA','Lao People''s Democratic Republic','Lao People''s Democratic Republic');
insert into valid_countries(code,short_name,name) values ('LB','Lebanon','Lebanese Republic');
insert into valid_countries(code,short_name,name) values ('LC','Saint Lucia','Saint Lucia');
insert into valid_countries(code,short_name,name) values ('LI','Liechtenstein','Principality of Liechtenstein');
insert into valid_countries(code,short_name,name) values ('LK','Sri Lanka','Democratic Socialist Republic of Sri Lanka');
insert into valid_countries(code,short_name,name) values ('LR','Liberia','Republic of Liberia');
insert into valid_countries(code,short_name,name) values ('LS','Lesotho','Kingdom of Lesotho');
insert into valid_countries(code,short_name,name) values ('LT','Latin America','Latin America');
insert into valid_countries(code,short_name,name) values ('LU','Luxembourg','Grand Duchy of Luxembourg');
insert into valid_countries(code,short_name,name) values ('LV','Latvia','Republic of Latvia');
insert into valid_countries(code,short_name,name) values ('LX','Lithuania','Republic of Lithuania');
insert into valid_countries(code,short_name,name) values ('LY','Libyan Arab Jamahiriya','Socialist People''s Libyan Arab Jamahiriya');
insert into valid_countries(code,short_name,name) values ('MA','Morocco','Kingdom of Morocco');
insert into valid_countries(code,short_name,name) values ('MC','Monaco','Principality of Monaco');
insert into valid_countries(code,short_name,name) values ('MD','Moldova, Republic of','Republic of Moldova');
insert into valid_countries(code,short_name,name) values ('MG','Madagascar','Republic of Madagascar');
insert into valid_countries(code,short_name,name) values ('MH','Marshall Islands','Republic of the Marshall Islands');
insert into valid_countries(code,short_name,name) values ('MK','Macedonia','Macedonia, the Former Yugoslav Republic of');
insert into valid_countries(code,short_name,name) values ('ML','Mali','Republic of Mali');
insert into valid_countries(code,short_name,name) values ('MM','Myanmar','Union of Myanmar');
insert into valid_countries(code,short_name,name) values ('MN','Mongolia','Mongolia');
insert into valid_countries(code,short_name,name) values ('MO','Macau','Macau (also called Ao-men)');
insert into valid_countries(code,short_name,name) values ('MP','Northern Mariana Islands','Commonwealth of the Northern Mariana Islands except Guam');
insert into valid_countries(code,short_name,name) values ('MQ','Martinique','Department of Martinique');
insert into valid_countries(code,short_name,name) values ('MR','Mauritania','Islamic Republic of Mauritania');
insert into valid_countries(code,short_name,name) values ('MS','Montserrat','Montserrat');
insert into valid_countries(code,short_name,name) values ('MT','Malta','Republic of Malta');
insert into valid_countries(code,short_name,name) values ('MU','Mauritius','Republic of Mauritius (includes Rodrigues, Agalega Islands, and Cargados Carajos)');
insert into valid_countries(code,short_name,name) values ('MV','Maldives','Republic of Maldives');
insert into valid_countries(code,short_name,name) values ('MW','Malawi','Republic of Malawi');
insert into valid_countries(code,short_name,name) values ('MX','Mexico','United Mexican States');
insert into valid_countries(code,short_name,name) values ('MY','Malaysia','Malaysia (includes Peninsular Malaysia, Sabah, and Sarawak)');
insert into valid_countries(code,short_name,name) values ('MZ','Mozambique','Republic of Mozambique');
insert into valid_countries(code,short_name,name) values ('NA','Namibia','Republic of Namibia');
insert into valid_countries(code,short_name,name) values ('NC','New Caledonia','New Caledonia (includes Isle of Pines, Loyalty Islands, Huon Islands,  Belep Archipelago, Chesterfield Islands, and Walpole)');
insert into valid_countries(code,short_name,name) values ('NE','Niger','Republic of the Niger');
insert into valid_countries(code,short_name,name) values ('NF','Norfolk Island','Norfolk Island');
insert into valid_countries(code,short_name,name) values ('NG','Nigeria','Federal Republic of Nigeria');
insert into valid_countries(code,short_name,name) values ('NI','Nicaragua','Republic of Nicaragua');
insert into valid_countries(code,short_name,name) values ('NL','Netherlands','Kingdom of the Netherlands');
insert into valid_countries(code,short_name,name) values ('NO','Norway','Kingdom of Norway');
insert into valid_countries(code,short_name,name) values ('NP','Nepal','Kingdom of Nepal');
insert into valid_countries(code,short_name,name) values ('NR','Nauru','Republic of Nauru');
insert into valid_countries(code,short_name,name) values ('NU','Niue','Niue');
insert into valid_countries(code,short_name,name) values ('NZ','New Zealand','New Zealand (includes Antipodes Islands, Auckland Islands, Bounty Islands, Campbell Islands, Kermadec Islands, Chatham Islands, and Snares Islands)');
insert into valid_countries(code,short_name,name) values ('OM','Oman','Sultanate of Oman');
insert into valid_countries(code,short_name,name) values ('PA','Panama','Republic of Panama');
insert into valid_countries(code,short_name,name) values ('PE','Peru','Republic of Peru');
insert into valid_countries(code,short_name,name) values ('PF','French Polynesia','French Polynesia (includes Society Archipelago, Tuamotu Archipelago, Marquezas Islands, Bambier Islands, Austral Islands, and Clipperton Island)');
insert into valid_countries(code,short_name,name) values ('PG','Papua New Guinea','Papua New Guinea (includes Bismarck and Louisiade Archipelagos, Admiralty Islands, d''Entrecasteaux Islands, Northern Solomon Islands, Trobriand Islands, New Britain, New Ireland, Woodlark, and associated islands)');
insert into valid_countries(code,short_name,name) values ('PH','Philippines','Republic of the Philippines');
insert into valid_countries(code,short_name,name) values ('PK','Pakistan','Islamic Republic of Pakistan');
insert into valid_countries(code,short_name,name) values ('PL','Poland','Republic of Poland');
insert into valid_countries(code,short_name,name) values ('PM','Saint Pierre and Miquelon','Territorial collectivity of St. Pierre and Miquelon');
insert into valid_countries(code,short_name,name) values ('PN','Pitcairn','Pitcairn (includes Henderson, Ducie, and Oeno)');
insert into valid_countries(code,short_name,name) values ('PR','Puerto Rico','Puerto Rico');
insert into valid_countries(code,short_name,name) values ('PT','Portugal','Portuguese Republic');
insert into valid_countries(code,short_name,name) values ('PW','Palau','Republic of Palau');
insert into valid_countries(code,short_name,name) values ('PY','Paraguay','Republic of Paraguay');
insert into valid_countries(code,short_name,name) values ('QA','Qatar','State of Qatar');
insert into valid_countries(code,short_name,name) values ('RE','Reunion','Department of Reunion');
insert into valid_countries(code,short_name,name) values ('RO','Romania','Romania');
insert into valid_countries(code,short_name,name) values ('RU','Russian Federation','Russian Federation');
insert into valid_countries(code,short_name,name) values ('RW','Rwanda','Rwandese Republic');
insert into valid_countries(code,short_name,name) values ('SA','Saudi Arabia','Kingdom of Saudi Arabia');
insert into valid_countries(code,short_name,name) values ('SB','Solomon Islands','Solomon Islands (includes Southern Solomon Islands, primarily Guadalcanal, Malaita, San Cristobal, Santa Isabel, Choiseul)');
insert into valid_countries(code,short_name,name) values ('SC','Seychelles','Republic of Seychelles (includes Alphonse, Bijoutier, St. Francois Islands, St. Pierre Islet, Cosmoledo Islands, Amirantes, Aldabra, Farquhar, and Desroches)');
insert into valid_countries(code,short_name,name) values ('SD','Sudan','Republic of the Sudan');
insert into valid_countries(code,short_name,name) values ('SG','Singapore','Singapore');
insert into valid_countries(code,short_name,name) values ('SH','Saint Helena','Saint Helena (includes Ascension, Gough Island, Inaccessible, Nightingale Islands, and Tristan da Cunha)');
insert into valid_countries(code,short_name,name) values ('SI','Slovenia','Republic of Slovenia');
insert into valid_countries(code,short_name,name) values ('SJ','Svalbard and Jan Mayen Islands','Svalbard and Jan Mayen Islands (includes Bear Island)');
insert into valid_countries(code,short_name,name) values ('SK','Slovakia','Slovak Republic');
insert into valid_countries(code,short_name,name) values ('SL','Sierra Leone','Republic of Sierra Leone');
insert into valid_countries(code,short_name,name) values ('SM','San Marino','Republic of San Marino');
insert into valid_countries(code,short_name,name) values ('SN','Senegal','Republic of Senegal');
insert into valid_countries(code,short_name,name) values ('SO','Somalia','Somali Democratic Republic');
insert into valid_countries(code,short_name,name) values ('SR','Suriname','Republic of Suriname');
insert into valid_countries(code,short_name,name) values ('ST','Sao Tome and Principe','Democratic Republic of Sao Tome and Principe');
insert into valid_countries(code,short_name,name) values ('SV','El Salvador','Republic of El Salvador');
insert into valid_countries(code,short_name,name) values ('SY','Syrian Arab Republic','Syrian Arab Republic');
insert into valid_countries(code,short_name,name) values ('SZ','Swaziland','Kingdom of Swaziland');
insert into valid_countries(code,short_name,name) values ('TC','Turks and Caicos Islands','Turks and Caicos Islands');
insert into valid_countries(code,short_name,name) values ('TD','Chad','Republic of Chad');
insert into valid_countries(code,short_name,name) values ('TF','French Southern Territories','French Southern Territories (includes Kerguelen Islands, Amsterdam, St. Paul, Crozet Islands)');
insert into valid_countries(code,short_name,name) values ('TG','Togo','Togolese Republic');
insert into valid_countries(code,short_name,name) values ('TH','Thailand','Kingdom of Thailand');
insert into valid_countries(code,short_name,name) values ('TJ','Tajikistan','Republic of Tajikistan');
insert into valid_countries(code,short_name,name) values ('TK','Tokelau','Tokelau');
insert into valid_countries(code,short_name,name) values ('TM','Turkmenistan','Turkmenistan');
insert into valid_countries(code,short_name,name) values ('TN','Tunisia','Republic of Tunisia');
insert into valid_countries(code,short_name,name) values ('TO','Tonga','Kingdom of Tonga');
insert into valid_countries(code,short_name,name) values ('TP','East Timor','East Timor (includes the exclave of Oe-Cussi)');
insert into valid_countries(code,short_name,name) values ('TR','Turkey','Republic of Turkey');
insert into valid_countries(code,short_name,name) values ('TT','Trinidad and Tobago','Republic of Trinidad and Tobago');
insert into valid_countries(code,short_name,name) values ('TV','Tuvalu','Tuvalu (includes Funafuti, Nanumanga, Nui, Nanomea, Nurakita, Niutao, Nukufetau, Nukulaelae, and Vaitupu)');
insert into valid_countries(code,short_name,name) values ('TW','Taiwan, Republic of China','Taiwan, Republic of China');
insert into valid_countries(code,short_name,name) values ('TZ','Tanzania, United Republic of','United Republic of Tanzania (includes Zanzibar and Pemba)');
insert into valid_countries(code,short_name,name) values ('UA','Ukraine','Ukraine');
insert into valid_countries(code,short_name,name) values ('UG','Uganda','Republic of Uganda');
insert into valid_countries(code,short_name,name) values ('UM','United States Minor Outlying Islands','United States Minor Outlying Islands (includes i.a. Baker Island, Howland Island, Jarvis Island, Johnston Atoll, Kingman Reef, Midway Islands,  Palmyra Islands, and Wake Island)');
insert into valid_countries(code,short_name,name) values ('US','United States','United States of America');
insert into valid_countries(code,short_name,name) values ('UY','Uruguay','Eastern Republic of Uruguay');
insert into valid_countries(code,short_name,name) values ('UZ','Uzbekistan','Republic of Uzbekistan');
insert into valid_countries(code,short_name,name) values ('VA','Vatican City State (Holy See)','Vatican City State (Holy See)');
insert into valid_countries(code,short_name,name) values ('VC','Saint Vincent and the Grenadines','Saint Vincent and the Grenadines (includes Northern Grenadine Islands)');
insert into valid_countries(code,short_name,name) values ('VE','Venezuela','Republic of Venezuela');
insert into valid_countries(code,short_name,name) values ('VG','Virgin Islands (British)','Virgin Islands (British) (includes Anegada, Jost Van Dyke, Tortola, and Virgin Gorda)');
insert into valid_countries(code,short_name,name) values ('VI','Virgin Islands (U.S.)','Virgin Islands of the United States (includes Saint Croix, Saint John, and Saint Thomas)');
insert into valid_countries(code,short_name,name) values ('VN','Viet Nam','Socialist Republic of Viet Nam');
insert into valid_countries(code,short_name,name) values ('VU','Vanuatu','Republic of Vanuatu');
insert into valid_countries(code,short_name,name) values ('WF','Wallis and Futuna Islands','Wallis and Futuna Islands (includes Iles Wallis (Uvea), and Iles de Hoorn (Futuna and Alofi))');
insert into valid_countries(code,short_name,name) values ('WS','Samoa','Independent State of Western Samoa');
insert into valid_countries(code,short_name,name) values ('YE','Yemen','Republic of Yemen (includes Perim, Kamaran, Socotra, and associated islands)');
insert into valid_countries(code,short_name,name) values ('YT','Mayotte','Territorial collectivity of Mayotte (includes Grande-Terre, and Pamandzi)');
insert into valid_countries(code,short_name,name) values ('YU','Yugoslavia','Federal Republic of Yugoslavia');
insert into valid_countries(code,short_name,name) values ('ZA','South Africa','Republic of South Africa (includes Walvis Bay, Marion Island, and Prince  Edward Island)');
insert into valid_countries(code,short_name,name) values ('ZM','Zambia','Republic of Zambia');
insert into valid_countries(code,short_name,name) values ('ZR','Zaire','Republic of Zaire');
insert into valid_countries(code,short_name,name) values ('ZW','Zimbabwe','Republic of Zimbabwe');
insert into valid_countries(code,short_name,name) values ('SE','Sweden','Kingom of Sweden');

commit;

